<?xml version="1.0" encoding="UTF-8"?>
<project-private xmlns="http://www.netbeans.org/ns/project-private/1">
    <editor-bookmarks xmlns="http://www.netbeans.org/ns/editor-bookmarks/2" lastBookmarkId="0"/>
    <open-files xmlns="http://www.netbeans.org/ns/projectui-open-files/2">
        <group>
            <file>file:/D:/IceTask1/src/icetask1/Bird.java</file>
            <file>file:/D:/IceTask1/src/icetask1/Reptile.java</file>
            <file>file:/D:/IceTask1/src/icetask1/IceTask1.java</file>
            <file>file:/D:/IceTask1/src/icetask1/Animal.java</file>
        </group>
    </open-files>
</project-private>
